{
    "header": [
        " *   ",
        " *   如非需要调试，本文件可删除",
        " *   非专业人员可将本文件删除",
        " *   详细介绍请参考: https://bazhan.wang/faq#INFO-JSON",
        " *   "
    ],
    "resources": [
        {
            "url": "https://xn--tfr036ez7d.com/",
            "path": "index.html",
            "saved": true,
            "size": 9652,
            "children": [
                {
                    "url": "https://at.alicdn.com/t/font_1706200_3sgw4esvyq9.eot?t=1584846914425",
                    "saved": false
                },
                {
                    "url": "https://at.alicdn.com/t/font_1706200_3sgw4esvyq9.eot?t=1584846914425#iefix",
                    "saved": false
                },
                {
                    "url": "https://at.alicdn.com/t/font_1706200_3sgw4esvyq9.woff?t=1584846914425",
                    "saved": false
                },
                {
                    "url": "https://at.alicdn.com/t/font_1706200_3sgw4esvyq9.ttf?t=1584846914425",
                    "saved": false
                },
                {
                    "url": "https://at.alicdn.com/t/font_1706200_3sgw4esvyq9.svg?t=1584846914425#iconfont",
                    "saved": false
                },
                {
                    "url": "https://xn--tfr036ez7d.com/cdn-cgi/scripts/5c5dd728/cloudflare-static/email-decode.min.js",
                    "path": "js/email-decode.min.js",
                    "saved": true,
                    "size": 1239,
                    "children": []
                },
                {
                    "url": "https://xn--tfr036ez7d.com/favicon.ico",
                    "saved": false
                }
            ]
        }
    ],
    "alias": "xn--tfr036ez7d-com-ydblqnya",
    "info": {
        "remark": [],
        "title": "磁力狗最新网址，收藏我回家不迷路！",
        "domain": "xn--tfr036ez7d.com",
        "origin": "https://xn--tfr036ez7d.com",
        "ip": "104.21.28.80",
        "main": "index.html",
        "url": "https://xn--tfr036ez7d.com/",
        "totalSize": "10.9 kB",
        "request": {
            "headers": {
                "accept": "text/html,*/*",
                "accept-language": "zh-CN,zh;q=0.9",
                "cache-control": "no-cache",
                "cookie": "",
                "referer": "https://xn--tfr036ez7d.com/",
                "user-agent": "Mozilla/5.0 (Windows NT 10.0; Win64; x64) AppleWebKit/537.36 (KHTML, like Gecko) Chrome/78.0.3904.108 Safari/537.36",
                "x-scraper-website": "https://bazhan.wang/"
            }
        },
        "response": {
            "responseUrl": "https://xn--tfr036ez7d.com/",
            "redirects": [],
            "statusCode": 200,
            "headers": {
                "date": "Sun, 31 Jul 2022 11:33:29 GMT",
                "content-type": "text/html",
                "transfer-encoding": "chunked",
                "connection": "close",
                "last-modified": "Fri, 17 Jun 2022 15:24:10 GMT",
                "vary": "Accept-Encoding",
                "cf-cache-status": "DYNAMIC",
                "expect-ct": "max-age=604800, report-uri=\"https://report-uri.cloudflare.com/cdn-cgi/beacon/expect-ct\"",
                "report-to": "{\"endpoints\":[{\"url\":\"https:\\/\\/a.nel.cloudflare.com\\/report\\/v3?s=DnEbCwHyHqdb5kvjbn2REll%2BrK9f1q8Lh6ZcfqV5iTVI1DEP9NoUpkoD5tcApc0QYwR7FNj6c2tbOrYyFAfTZfPB3aK1M202LSvmq0h0ZnHEhd9hUnB1eBGM8ZRShSKc6Vz%2FXck%3D\"}],\"group\":\"cf-nel\",\"max_age\":604800}",
                "nel": "{\"success_fraction\":0,\"report_to\":\"cf-nel\",\"max_age\":604800}",
                "server": "cloudflare",
                "cf-ray": "733604f6ef7ab009-NRT",
                "alt-svc": "h3=\":443\"; ma=86400, h3-29=\":443\"; ma=86400"
            }
        },
        "time": {
            "start": "2022-07-31T11:33:28.705Z",
            "end": "2022-07-31T11:33:30.001Z"
        }
    },
    "options": {
        "url": "https://xn--tfr036ez7d.com/",
        "referer": "",
        "cookies": "",
        "userAgent": "Mozilla/5.0 (Windows NT 10.0; Win64; x64) AppleWebKit/537.36 (KHTML, like Gecko) Chrome/78.0.3904.108 Safari/537.36",
        "formatter": [],
        "filenameGenerator": "byType"
    }
}